[
    {
        "title": "Tag der Deutschen Einheit",
        "category": "Feiertage",
        "place": "Aula / R100",
        "date": "2020-10-03",
        "time": "17:00 Uhr"
    },
    {
        "title": "Tag der Deutschen Einheit (Kneipentour)",
        "category": "Feiertage",
        "place": "Aula / R100",
        "date": "2020-10-10",
        "time": "17:00 - 20:00 Uhr"
    },
    {
        "title": "Zwei Veranstaltungen",
        "category": "FH Veranstaltung",
        "place": "Aula / R100",
        "date": "2020-10-15",
        "time": "17:00 Uhr"
    },
    {
        "title": "Am gleichen Tag",
        "category": "Ohne",
        "place": "Aula / R100",
        "date": "2020-10-15",
        "time": "18:00 Uhr"
    },
    {
        "title": "Einführung",
        "category": "FH Veranstaltung",
        "place": "Aula / R100",
        "date": "2020-10-26",
        "time": "17:00 Uhr"
    },
    {
        "title": "Ein Termin im Vergangenen Monat",
        "category": "Beliebige Kategorie",
        "place": "Aula / R100",
        "date": "2020-09-30",
        "time": "17:00 Uhr"
    },
    {
        "title": "Ein Termin im nächsten Monat",
        "category": "FH Veranstaltung",
        "place": "Aula / R100",
        "date": "2020-11-02",
        "time": "17:00 Uhr"
    }
]
