[
    {
        "content": "Studienbüro & Prüfungsangelegenheiten",
        "link": "https://www.fh-dortmund.de/de/studi/studbuero/index.php"
    },
    {
        "content": "Mentoring",
        "link": "https://www.fh-dortmund.de/de/fb/2/service/qdl/mentoring.php"
    },
    {
        "content": "Allgemeine Studienberatung",
        "link": "https://www.fh-dortmund.de/de/studi/Berat/AllgStudberat/asb.php"
    },
    {
        "content": "Barrierefreies Studieren & Inklusion",
        "link": "https://www.fh-dortmund.de/de/studi/Berat/behinderten/start_barrierefrei-studieren.php"
    },
    {
        "content": "Psychologische Studienberatung",
        "link": "https://www.fh-dortmund.de/de/studi/Berat/Psychberat/psych_beratung.php"
    },
    {
        "content": "Studentische Studienberatung",
        "link": "https://www.fh-dortmund.de/de/studi/Berat/stuben.php"
    },
    {
        "content": "Stipendien & Finanzierung",
        "link": "https://www.fh-dortmund.de/de/studi/interN/intstudierende/stipendien/index.php"
    },
    {
        "content": "Bafög",
        "link": "https://www.fh-dortmund.de/de/fb/2/service/bafoeg.php"
    }
]
