[
    {
        "content": "FASTA FB Design",
        "link": "https://www.fh-dortmund.de/de/fb/2/fasta/index.php"
    },
    {
        "content": "ASTA",
        "link": "https://www.fh-dortmund.de/de/hs/orgGrem/asta.php"
    },
    {
        "content": "Prüfungsausschuss FB Design",
        "link": "https://www.fh-dortmund.de/de/studi/studbuero/sonnenstr/fb_design/medien/Infoblatt_Zulassung_BPO-2013_Foto_KD_ORD_SS_2020.pdf"
    },
    {
        "content": "Senat",
        "link": "https://www.fh-dortmund.de/de/hs/orgGrem/Senat/index.php"
    },
    {
        "content": "StuPA",
        "link": "https://www.fh-dortmund.de/de/hs/orgGrem/stupa.php"
    },
    {
        "content": "Fachbereichsrat",
        "link": "https://www.google.com/q=FH+Dortmund+Fachbereichsrat"
    }
]
