[
    {
        "content": "Internationale Angebote",
        "link": "https://www.google.de/?q=FH+Dortmund+Internationale+Angebote"
    },
    {
        "content": "Internationale Woche",
        "link": "https://www.fh-dortmund.de/de/studi/interN/veranst/Internationale_Woche.php"
    },
    {
        "content": "International Office",
        "link": "https://www.fh-dortmund.de/de/studint/interStudint/startseite-io_neu.php"
    },
    {
        "content": "Auslandsstudium",
        "link": "https://www.fh-dortmund.de/de/studi/interN/Stud_Ausland/index_studium.php"
    },
    {
        "content": "Internationale Studierende",
        "link": "https://www.fh-dortmund.de/de/fb/9/studiengaenge/900/internationale-studierende.php"
    },
    {
        "content": "Designwandern",
        "link": "https://www.fh-dortmund.de/de/fb/2/aktuelles/2010/3/designwandern.php"
    },
    {
        "content": "Selbstmodule zum wiss. schreiben",
        "link": "https://www.fh-dortmund.de/de/studi/schluesselkompetenzen/schreibwerkstatt/schreibwerkstatt.php"
    }
]
