[
    {
        "banner": "./assets/mensa.svg",
        "images": [
            "./assets/Räume/Mensa/DSC_0311-positive.jpg",
            "./assets/Räume/Mensa/nikonf65tmax20050.jpg"
        ],
        "text": "<p>Ob Fleisch, Fisch, vegetarisch, vegan oder glutenfrei: In der Mensa hat jede*r Student*in die Möglichkeit zwischen verschiedenen warmen Speisen auszuwählen. Alle Gerichte kannst Du individuell zusammenstellen und ein Nachtisch ist auch immer dabei. Das Angebot wechselt von Woche zu Woche. Snacks, sowie belegte Brötchen, Süßkram, Kaffee und Tee kannst Du entweder in der Mensa oder an den Automaten erwerben.</p><p>Der Preis einer Mahlzeit beträgt für Studierende ca. 2, 50€. Jede weitere Beilage kostet 0, 50€. Gäste haben ebenfalls die Möglichkeit in der Mensa zu essen und zahlen meist für eine Mahlzeit zwischen 3, 20€ und 4, 30€. Die Mensa kann auch als Räumlichkeit zum Arbeiten bis 22.00 Uhr genutzt werden. Ein WLAN- Zugang und Steckdosen sind vorhanden.</p><p>Im Foyer befindet sich ein Wasserspender. Hier kannst Du Dir kostenlos Deine Flasche mit stillem oder kohlensäurehaltigem Wasser auffüllen.</p>"
    },
    {
        "banner": "./assets/bibliothek.svg",
        "images": [
            "./assets/Räume/Bibliothek/nikonf65tmax20067_bearbeitet.jpg"
        ],
        "text": "Die Bibliothek der Fachhochschule Dortmund, am Standort Max-Ophüls-Platz 2, stellt die studienrelevanten Medien für den Fachbereich Design zur Verfügung. Untergebracht in den teilweise denkmalgeschützten Räumen im Erdgeschoss, bietet die Bibliothek neben 24.500 gedruckten Bänden ein breites Spektrum an Zeitschriften sowie elektronische Medien wie E-Books, E-Journals und Fachdatenbanken. Hinzu kommen ein umfangreicher und inhaltlich vielfältiger Filmbestand sowie der Altbestand aus der Handwerker- und Kunstgewerbe schule Dortmund. Seit 2016 befindet sich eine Vitrine des buchlabor in den Räumen der Bibliothek, welche die teils sehr aufwendig gestalteten studentischen Arbeiten präsentiert. Neben drei Recherche- und drei Internet-PCs bietet die Bibliothek ein Multifunktionsgerät (Kopieren, Drucken, Scannen) sowie einen modernen Buchscanner, welcher auch für großformatige Bände problemlos geeignet ist. Abzugebende Bücher kannst Du außerhalb der Öffnungs zeiten in die Rückgabebox in Raum E38 legen. Die Bibliothek ist der ideale Ort für alle, die einen ruhigen Platz zum Lernen und Arbeiten suchen, ebenso wie für diejenigen, die einfach ein wenig stöbern und sich inspirieren lassen möchten. Schau doch einfach mal vorbei, die Mitarbeiter*innen der Bibliothek freuen sich auf Dich! bib@ | T-9441"
    },
    {
        "banner": "./assets/computerpools.svg",
        "images": [
            "./assets/Räume/Computerpools/nikonf65tmax20052.jpg"
        ],
        "text": "Es gibt drei Computerräume, in denen die Arbeitsplätze mit iMacs ausgestattet und die über das 24-Stunden-Schließ-system zugänglich sind. Wenn gerade keine Lehrveranstaltungen sind, kannst Du hier frei arbeiten. Der R U24 oder auch EBV-Pool ist auf die elektronische Bildverarbeitung ausgerichtet. Hier können die üblichen Filmarten gescannt und bearbeitet werden. Dazu stehen acht iMacs, verschiedene Scanner und ein Proofbildschirm zur Verfügung. Der Raum wird an jedem Wochentag von einer studentischen Hilfskraft betreut. In allen Computerräumensind die aktuellen Versionen der Adobe Creative Cloud, Cinema 4D und Vectorworks installiert, sodass Du überall an Deinen Projekten weiterarbeiten kannst. Sven Theymann theymann@ | T-9455"
    },
    {
        "banner": "./assets/druckerwerkstätten.svg",
        "images": [
            "./assets/Räume/Druckwerkstatt/img0025_bearbeitet.jpg",
            "./assets/Räume/Druckwerkstatt/img0025_bearbeitet.jpg"
        ],
        "text": "Die Siebdruckwerkstatt bietet Dir an einem Siebdrucktisch und einer Textildruckpresse die Möglichkeit zur Realisierung mehrfarbiger Siebdrucke, von der Herstellung eigener Vor-lagen bis zum fertigen Mehrfarbendruck in kleinen Auflagen. Für die Erstellung der Siebe steht eine digitale Film-Druck-Vorstufe zur Verfügung. "
    },
    {
        "banner": "./assets/kiU.svg",
        "images": [
            "./assets/Räume/FH Dortmund/img0076_bearbeitet.jpg"
        ],
        "text": "Das storyLab kiU der Fachhochschule Dortmund ist ein Labor für Kunst und neue Medienformate im Dortmunder U. kiU beschäftigt sich mit der Erforschung von Erzähltechniken in neuen Medienformaten, Durchführung und Förderung von (Nachwuchs-)Projekten sowie der Bereitstellung von Räumen. Experimentiert und kooperiert wird dabei mit neuen Technologien wie Virtual Reality, Augmented Reality, 3D und Apps. Angestellte am kiU, Studierende der FH Dortmund sowie externe Künstler*innen und Kreative gestalten gemeinsam multimediale Installationen in einem offenen Labor. Die Türen stehen zu den Öffnungszeiten des Dortmunder U jederzeit offen, um einen Einblick in die Arbeit zu bekommen.  Dortmunder U kiu-info@ | 0231 7002 1109 fhkiu.de "
    },
    {
        "banner": "./assets/filmwerkstatt.svg",
        "images": [
            "./assets/Räume/Filmstudio/nikonf65tmax20022.jpg"
        ],
        "text": "In der Filmwerkstatt hast Du die Möglichkeit Dir Geräte auszuleihen sowie einen Zugang zu den technischen Einrichtungen zu erhalten. Das gut ausgestattete Film- und Tonstudio sorgt dabei für gute Aufnahmen, die Du dann für Deine Projekte nutzen kannst. Natürlich bekommst Du auch hier eine kurze Einführungbei der Ausleihe von Geräten und in die technischen Einrichtungen, damit Du später selbstständig arbeiten kannst. Studierende, die nicht für Film & Sound eingeschrieben sind, haben nur einen begrenzten Zugang zu Equipment und technischen Einrichtungen. filmwerkstatt@ | T-9458"
    },
    {
        "title": "fotowerkstatt",
        "banner": "./assets/fotowerkstatt.svg",
        "images": [
            "./assets/Räume/Fotostudio/nikonf65tmax20087_bearbeitet.jpg",
            "./assets/Räume/Fotostudio/nikonf65tmax20087_bearbeitet.jpg",
            "./assets/Räume/Fotostudio/nikonf65tmax20087_bearbeitet.jpg",
            "./assets/Räume/Fotostudio/nikonf65tmax20087_bearbeitet.jpg",
            "./assets/Räume/Fotostudio/nikonf65tmax20087_bearbeitet.jpg"
        ],
        "text": "Die Einrichtungen der Fotowerkstatt lassen sich in zwei Abteilungen aufteilen. Einrichtungen zur Herstellung foto-grafischer Aufnahmen und Einrichtungen zur Bildwiedergabe, Bildbearbeitung und Präsentation. Wichtigste Produktionsstätte ist das über 300 Quadratmeter umfassende Großraumstudio mit acht parallel eingerichteten Aufnahmeplätzen. Die Fotowerkstatt und ihre Leistungen sind nur mit einer ausführlichen Einführung, bestehend aus Theoriegrundlagen und Praxisarbeiten nutzbar. Für die Bildausgabe gibt es das Schwarzweißlabor und das Farblabor, sowie Räume für die digitale Bearbeitung für Druck und Scan. Zum professionellen Druckbereich zählen zwei fotorealistische Großformatdrucker. Vier weitere Einzelarbeitsplätze sind mit Proofdruckern, Rechnern und entsprechenden kalibrierten Monitoren sowie Normlichtleuchten ausgestattet. Dort können standardisierte Druckpapiere, wie auch Kunstdruckpapiere mit individuellen Einstellungen bedruckt werden.  sebastian.wolniczak@ | T-9456"
    }
]
